Port 1,Port 2,Packet Count, Packets (Up), Packets (Down),Average Bytes/packet,Average bytes up,Average bytes down,Total bytes,Duration (seconds),écart-type,inter packet time
60106,443,18,6,12,818,459,998,14739,0.2657,552.8976447368497,0.01562941176470588
60122,443,135,52,83,1527,975,1873,206250,156.355896,2020.5283601872525,1.1668350447761193
50122,443,270,81,189,4494,1004,5990,1213562,166.332082,6146.732114413714,0.6183348773234201
50114,443,113,52,61,1447,991,1837,163619,152.124426,1814.3830341199484,1.3582538035714287
50124,443,42,6,36,5332,533,6132,223956,0.333777,4758.830204826323,0.00814090243902439
50150,443,260,91,169,3244,1003,4452,843680,152.071234,4863.39899597831,0.5871476216216216
50134,443,81,33,48,1354,972,1618,109751,152.12334,1574.4014728020763,1.9015417500000003
50156,443,123,51,72,2356,1002,3315,289828,164.206339,3796.3668436171993,1.3459535983606559
