Port 1,Port 2,Packet Count, Packets (Up), Packets (Down),Average Bytes/packet,Average bytes up,Average bytes down,Total bytes,Duration (seconds),écart-type,inter packet time
60106,443,18,6,12,818,459,998,14739,0.2657,552.8976447368497,0.01562941176470588
60122,443,146,58,88,1484,980,1815,216664,181.197953,1953.362597767287,1.249641055172414
50122,443,305,97,208,4159,1009,5628,1268679,193.356645,5886.951884895206,0.6360415953947368
50114,443,132,58,74,1607,996,2087,212243,176.784747,2210.0768047117676,1.3495018854961833
50124,443,42,6,36,5332,533,6132,223956,0.333777,4758.830204826323,0.00814090243902439
50150,443,260,91,169,3244,1003,4452,843680,152.071234,4863.39899597831,0.5871476216216216
50134,443,92,39,53,1327,982,1580,122090,176.791392,1492.3351180088016,1.9427625494505494
50156,443,146,63,83,2171,1007,3054,316971,187.733986,3539.079141536686,1.294717144827586
44666,443,9,4,5,888,656,1074,7998,0.076602,493.9523143876227,0.00957525
