Stream ID,Packet Count, Packets (Up), Packets (Down),Average Bytes/packet,Average bytes up,Average bytes down,Total bytes,Duration (seconds),écart-type,inter packet time
c16e0a7004c5af3a5fab7ab7ddab0f5a52252df1ede2eeacb58db3340e6a5141,82,68,14,76,80,57,6296,179.938591,12.856643333733222,2.2214640864197532
9accb520532eff48071852809c8b80d3895f1676f92a94c083eb623bee07aa34,94,89,5,124,128,54,11730,179.867904,81.96403886350139,1.9340634838709678
