Port 1,Port 2,Packet Count, Packets (Up), Packets (Down),Average Bytes/packet,Average bytes up,Average bytes down,Total bytes,Duration (seconds),écart-type,inter packet time
62734,443,29,7,22,62,73,58,1811,176.449793,30.39349545532507,6.301778321428573
443,49931,34,29,5,57,58,51,1944,180.233479,26.225796223246544,5.461620575757577
62732,443,223,89,134,494,379,571,110361,175.142663,511.55160708689544,0.788930914414414
52261,443,23,12,11,347,487,194,7983,0.347089,490.4516918145769,0.01577677272727273
62737,443,56,4,52,1267,341,1338,70965,0.139382,421.74209244307747,0.0025342181818181824
62738,443,146,7,139,1315,183,1372,192003,59.717036,368.8486328963298,0.41184162758620685
