Stream ID,Packet Count, Packets (Up), Packets (Down),Average Bytes/packet,Average bytes up,Average bytes down,Total bytes,Duration (seconds),écart-type,inter packet time
7ebd2829ef0b7e6b2d36d9a41cdb5b1bf799e1dde10878395356ccf47c6c4fb9,11,4,7,559,234,745,6155,0.46342,511.34214904350466,0.046342
f3e27cd595ce82866c8494a02b3cef57699dc962f82916ab8eb6725172beec61,11,4,7,559,234,745,6155,0.425277,511.34214904350466,0.0425277
3548004bdf80c2061c0f4dafd80f621edcc6ce9dd805146534004756e1a691a1,5,4,1,40,37,51,202,48.308023,10.403845442911962,12.07700575
b7569b20a2a2adf6991601b1a127cc68ba575a4e1771ff75e25df3dfa004b45f,19,10,9,308,194,434,5854,90.847959,392.9490250504366,5.047108833333334
8e509e60a89e2714e1d82cdb6fabd14285f79731efb5be7633fd5043207442c9,20,10,10,294,380,209,5899,0.21881,442.1628065543279,0.011516315789473685
506115f0559ee1afbc6888f33620941b3b4384bfd042955d03811bd480afa5bb,5,3,2,25,21,31,126,0.024755,12.671227249165726,0.00618875
