Port 1,Port 2,Packet Count, Packets (Up), Packets (Down),Average Bytes/packet,Average bytes up,Average bytes down,Total bytes,Duration (seconds),écart-type,inter packet time
62744,443,11,4,7,559,234,745,6155,0.46342,511.34214904350466,0.046342
62745,443,11,4,7,559,234,745,6155,0.425277,511.34214904350466,0.0425277
443,49931,5,4,1,40,37,51,202,48.308023,10.403845442911962,12.07700575
49958,443,19,10,9,308,194,434,5854,90.847959,392.9490250504366,5.047108833333334
57917,443,20,10,10,294,380,209,5899,0.21881,442.1628065543279,0.011516315789473685
443,62740,5,3,2,25,21,31,126,0.024755,12.671227249165726,0.00618875
